school,year,GEP,SAP
Admiralty,2013,0,0
Ahmad Ibrahim,2013,0,0
Ai Tong,2013,0,1
Alexandra,2013,0,0
Anchor Green,2013,0,0
Anderson,2013,0,0
Ang Mo Kio,2013,0,0
Anglo-Chinese,2013,1,0
Anglo-Chinese (Junior),2013,0,0
Angsana,2013,0,0
Beacon,2013,0,0
Bedok Green,2013,0,0
Bendemeer,2013,0,0
Blangah Rise,2013,0,0
Boon Lay Garden,2013,0,0
Bukit Panjang,2013,0,0
Bukit Timah,2013,0,0
Bukit View,2013,0,0
CHIJ (Katong),2013,0,0
CHIJ (Kellock),2013,0,0
CHIJ (Toa Payoh),2013,0,0
CHIJ Our Lady Queen of Peace,2013,0,0
CHIJ Our Lady of Good Counsel,2013,0,0
CHIJ Our Lady of the Nativity,2013,0,0
CHIJ St. Nicholas Girls',2013,0,1
Canberra,2013,0,0
Canossa Catholic,2013,0,0
Cantonment,2013,0,0
Casuarina,2013,0,0
Catholic High,2013,1,1
Cedar,2013,0,0
Changkat,2013,0,0
Chongfu,2013,0,0
Chongzheng,2013,0,0
Chua Chu Kang,2013,0,0
Clementi,2013,0,0
Compassvale,2013,0,0
Concord,2013,0,0
Corporation,2013,0,0
Damai,2013,0,0
Dazhong,2013,0,0
De La Salle,2013,0,0
East Spring,2013,0,0
Edgefield,2013,0,0
Elias Park,2013,0,0
Endeavour,2013,0,0
Evergreen,2013,0,0
Fairfield Methodist,2013,0,0
Farrer Park,2013,0,0
Fengshan,2013,0,0
Fernvale,2013,0,0
First Toa Payoh,2013,0,0
Frontier,2013,0,0
Fuchun,2013,0,0
Fuhua,2013,0,0
Gan Eng Seng,2013,0,0
Geylang Methodist,2013,0,0
Gongshang,2013,0,0
Greendale,2013,0,0
Greenridge,2013,0,0
Greenwood,2013,0,0
Haig Girls',2013,0,0
Henry Park,2013,1,0
Holy Innocents',2013,0,1
Hong Wen,2013,0,1
Horizon,2013,0,0
Hougang,2013,0,0
Huamin,2013,0,0
Innova,2013,0,0
Jiemin,2013,0,0
Jing Shan,2013,0,0
Junyuan,2013,0,0
Jurong,2013,0,0
Jurong West,2013,0,0
Keming,2013,0,0
Kheng Cheng,2013,0,0
Kong Hwa,2013,0,1
Kranji,2013,0,0
Kuo Chuan Presbyterian,2013,0,0
Lakeside,2013,0,0
Lianhua,2013,0,0
Maha Bodhi,2013,0,1
Maris Stella High,2013,0,1
Marsiling,2013,0,0
Marymount Convent,2013,0,0
Mayflower,2013,0,0
Mee Toh,2013,0,0
Meridian,2013,0,0
Methodist Girls',2013,0,0
Montfort Junior,2013,0,0
Nan Chiau,2013,0,0
Nan Hua,2013,1,1
Nanyang,2013,1,1
Naval Base,2013,0,0
New Town,2013,0,0
Ngee Ann,2013,0,0
North Spring,2013,0,0
North View,2013,0,0
North Vista,2013,0,0
Northland,2013,0,0
Northoaks,2013,0,0
Opera Estate,2013,0,0
Palm View,2013,0,0
Park View,2013,0,0
Pasir Ris,2013,0,0
Paya Lebar Methodist Girls',2013,0,0
Pei Chun Public,2013,0,1
Pei Hwa Presbyterian,2013,0,1
Pei Tong,2013,0,0
Peiying,2013,0,0
Pioneer,2013,0,0
Poi Ching,2013,0,1
Princess Elizabeth,2013,0,0
Punggol,2013,0,0
Punggol Green,2013,0,0
Punggol View,2013,0,0
Qifa,2013,0,0
Qihua,2013,0,0
Queenstown,2013,0,0
Radin Mas,2013,0,0
Raffles Girls',2013,1,0
Red Swastika,2013,0,1
River Valley,2013,0,0
Riverside,2013,0,0
Rivervale,2013,0,0
Rosyth,2013,1,0
Rulang,2013,0,0
Sembawang,2013,0,0
Seng Kang,2013,0,0
Sengkang Green,2013,0,0
Shuqun,2013,0,0
Si Ling,2013,0,0
Singapore Chinese Girls',2013,0,0
South View,2013,0,0
Springdale,2013,0,0
St. Andrew's Junior,2013,0,0
St. Anthony's,2013,0,0
St. Anthony's Canossian,2013,0,0
St. Gabriel's,2013,0,0
St. Hilda's,2013,1,0
St. Joseph's Institution Junior,2013,0,0
St. Margaret's,2013,0,0
St. Stephen's,2013,0,0
Tampines,2013,0,0
Tampines North,2013,0,0
Tanjong Katong,2013,0,0
Tao Nan,2013,1,1
Teck Ghee,2013,0,0
Teck Whye,2013,0,0
Telok Kurau,2013,0,0
Temasek,2013,0,0
Townsville,2013,0,0
Unity,2013,0,0
Wellington,2013,0,0
West Grove,2013,0,0
West Spring,2013,0,0
West View,2013,0,0
Westwood,2013,0,0
White Sands,2013,0,0
Woodgrove,2013,0,0
Woodlands,2013,0,0
Woodlands Ring,2013,0,0
Xinghua,2013,0,0
Xingnan,2013,0,0
Xinmin,2013,0,0
Xishan,2013,0,0
Yangzheng,2013,0,0
Yew Tee,2013,0,0
Yio Chu Kang,2013,0,0
Yishun,2013,0,0
Yu Neng,2013,0,0
Yuhua,2013,0,0
Yumin,2013,0,0
Zhangde,2013,0,0
Zhenghua,2013,0,0
Zhonghua,2013,0,0
Admiralty,2014,0,0
Ahmad Ibrahim,2014,0,0
Ai Tong,2014,0,1
Alexandra,2014,0,0
Anchor Green,2014,0,0
Anderson,2014,0,0
Ang Mo Kio,2014,0,0
Anglo-Chinese,2014,1,0
Anglo-Chinese (Junior),2014,0,0
Angsana,2014,0,0
Beacon,2014,0,0
Bedok Green,2014,0,0
Bendemeer,2014,0,0
Blangah Rise,2014,0,0
Boon Lay Garden,2014,0,0
Bukit Panjang,2014,0,0
Bukit Timah,2014,0,0
Bukit View,2014,0,0
CHIJ (Katong),2014,0,0
CHIJ (Kellock),2014,0,0
CHIJ (Toa Payoh),2014,0,0
CHIJ Our Lady Queen of Peace,2014,0,0
CHIJ Our Lady of Good Counsel,2014,0,0
CHIJ Our Lady of the Nativity,2014,0,0
CHIJ St. Nicholas Girls',2014,0,1
Canberra,2014,0,0
Canossa Catholic,2014,0,0
Cantonment,2014,0,0
Casuarina,2014,0,0
Catholic High,2014,1,1
Cedar,2014,0,0
Changkat,2014,0,0
Chongfu,2014,0,0
Chongzheng,2014,0,0
Chua Chu Kang,2014,0,0
Clementi,2014,0,0
Compassvale,2014,0,0
Concord,2014,0,0
Corporation,2014,0,0
Damai,2014,0,0
Dazhong,2014,0,0
De La Salle,2014,0,0
East Spring,2014,0,0
Edgefield,2014,0,0
Elias Park,2014,0,0
Endeavour,2014,0,0
Evergreen,2014,0,0
Fairfield Methodist,2014,0,0
Farrer Park,2014,0,0
Fengshan,2014,0,0
Fernvale,2014,0,0
First Toa Payoh,2014,0,0
Frontier,2014,0,0
Fuchun,2014,0,0
Fuhua,2014,0,0
Gan Eng Seng,2014,0,0
Geylang Methodist,2014,0,0
Gongshang,2014,0,0
Greendale,2014,0,0
Greenridge,2014,0,0
Greenwood,2014,0,0
Haig Girls',2014,0,0
Henry Park,2014,1,0
Holy Innocents',2014,0,1
Hong Wen,2014,0,1
Horizon,2014,0,0
Hougang,2014,0,0
Huamin,2014,0,0
Innova,2014,0,0
Jiemin,2014,0,0
Jing Shan,2014,0,0
Junyuan,2014,0,0
Jurong,2014,0,0
Jurong West,2014,0,0
Keming,2014,0,0
Kheng Cheng,2014,0,0
Kong Hwa,2014,0,1
Kranji,2014,0,0
Kuo Chuan Presbyterian,2014,0,0
Lakeside,2014,0,0
Lianhua,2014,0,0
Maha Bodhi,2014,0,1
Maris Stella High,2014,0,1
Marsiling,2014,0,0
Marymount Convent,2014,0,0
Mayflower,2014,0,0
Mee Toh,2014,0,0
Meridian,2014,0,0
Methodist Girls',2014,0,0
Montfort Junior,2014,0,0
Nan Chiau,2014,0,0
Nan Hua,2014,1,1
Nanyang,2014,1,1
Naval Base,2014,0,0
New Town,2014,0,0
Ngee Ann,2014,0,0
North Spring,2014,0,0
North View,2014,0,0
North Vista,2014,0,0
Northland,2014,0,0
Northoaks,2014,0,0
Opera Estate,2014,0,0
Palm View,2014,0,0
Park View,2014,0,0
Pasir Ris,2014,0,0
Paya Lebar Methodist Girls',2014,0,0
Pei Chun Public,2014,0,1
Pei Hwa Presbyterian,2014,0,1
Pei Tong,2014,0,0
Peiying,2014,0,0
Pioneer,2014,0,0
Poi Ching,2014,0,1
Princess Elizabeth,2014,0,0
Punggol,2014,0,0
Punggol Green,2014,0,0
Punggol View,2014,0,0
Qifa,2014,0,0
Qihua,2014,0,0
Queenstown,2014,0,0
Radin Mas,2014,0,0
Raffles Girls',2014,1,0
Red Swastika,2014,0,1
River Valley,2014,0,0
Riverside,2014,0,0
Rivervale,2014,0,0
Rosyth,2014,1,0
Rulang,2014,0,0
Sembawang,2014,0,0
Seng Kang,2014,0,0
Sengkang Green,2014,0,0
Shuqun,2014,0,0
Si Ling,2014,0,0
Singapore Chinese Girls',2014,0,0
South View,2014,0,0
Springdale,2014,0,0
St. Andrew's Junior,2014,0,0
St. Anthony's,2014,0,0
St. Anthony's Canossian,2014,0,0
St. Gabriel's,2014,0,0
St. Hilda's,2014,1,0
St. Joseph's Institution Junior,2014,0,0
St. Margaret's,2014,0,0
St. Stephen's,2014,0,0
Tampines,2014,0,0
Tampines North,2014,0,0
Tanjong Katong,2014,0,0
Tao Nan,2014,1,1
Teck Ghee,2014,0,0
Teck Whye,2014,0,0
Telok Kurau,2014,0,0
Temasek,2014,0,0
Townsville,2014,0,0
Unity,2014,0,0
Wellington,2014,0,0
West Grove,2014,0,0
West Spring,2014,0,0
West View,2014,0,0
Westwood,2014,0,0
White Sands,2014,0,0
Woodgrove,2014,0,0
Woodlands,2014,0,0
Woodlands Ring,2014,0,0
Xinghua,2014,0,0
Xingnan,2014,0,0
Xinmin,2014,0,0
Xishan,2014,0,0
Yangzheng,2014,0,0
Yew Tee,2014,0,0
Yio Chu Kang,2014,0,0
Yishun,2014,0,0
Yu Neng,2014,0,0
Yuhua,2014,0,0
Yumin,2014,0,0
Zhangde,2014,0,0
Zhenghua,2014,0,0
Zhonghua,2014,0,0
Admiralty,2015,0,0
Ahmad Ibrahim,2015,0,0
Ai Tong,2015,0,1
Alexandra,2015,0,0
Anchor Green,2015,0,0
Anderson,2015,0,0
Ang Mo Kio,2015,0,0
Anglo-Chinese,2015,1,0
Anglo-Chinese (Junior),2015,0,0
Angsana,2015,0,0
Beacon,2015,0,0
Bedok Green,2015,0,0
Bendemeer,2015,0,0
Blangah Rise,2015,0,0
Boon Lay Garden,2015,0,0
Bukit Panjang,2015,0,0
Bukit Timah,2015,0,0
Bukit View,2015,0,0
CHIJ (Katong),2015,0,0
CHIJ (Kellock),2015,0,0
CHIJ (Toa Payoh),2015,0,0
CHIJ Our Lady Queen of Peace,2015,0,0
CHIJ Our Lady of Good Counsel,2015,0,0
CHIJ Our Lady of the Nativity,2015,0,0
CHIJ St. Nicholas Girls',2015,0,1
Canberra,2015,0,0
Canossa Catholic,2015,0,0
Cantonment,2015,0,0
Casuarina,2015,0,0
Catholic High,2015,1,1
Cedar,2015,0,0
Changkat,2015,0,0
Chongfu,2015,0,0
Chongzheng,2015,0,0
Chua Chu Kang,2015,0,0
Clementi,2015,0,0
Compassvale,2015,0,0
Concord,2015,0,0
Corporation,2015,0,0
Damai,2015,0,0
Dazhong,2015,0,0
De La Salle,2015,0,0
East Spring,2015,0,0
Edgefield,2015,0,0
Elias Park,2015,0,0
Endeavour,2015,0,0
Evergreen,2015,0,0
Fairfield Methodist,2015,0,0
Farrer Park,2015,0,0
Fengshan,2015,0,0
Fernvale,2015,0,0
First Toa Payoh,2015,0,0
Frontier,2015,0,0
Fuchun,2015,0,0
Fuhua,2015,0,0
Gan Eng Seng,2015,0,0
Geylang Methodist,2015,0,0
Gongshang,2015,0,0
Greendale,2015,0,0
Greenridge,2015,0,0
Greenwood,2015,0,0
Haig Girls',2015,0,0
Henry Park,2015,1,0
Holy Innocents',2015,0,1
Hong Wen,2015,0,1
Horizon,2015,0,0
Hougang,2015,0,0
Huamin,2015,0,0
Innova,2015,0,0
Jiemin,2015,0,0
Jing Shan,2015,0,0
Junyuan,2015,0,0
Jurong,2015,0,0
Jurong West,2015,0,0
Keming,2015,0,0
Kheng Cheng,2015,0,0
Kong Hwa,2015,0,1
Kranji,2015,0,0
Kuo Chuan Presbyterian,2015,0,0
Lakeside,2015,0,0
Lianhua,2015,0,0
Maha Bodhi,2015,0,1
Maris Stella High,2015,0,1
Marsiling,2015,0,0
Marymount Convent,2015,0,0
Mayflower,2015,0,0
Mee Toh,2015,0,0
Meridian,2015,0,0
Methodist Girls',2015,0,0
Montfort Junior,2015,0,0
Nan Chiau,2015,0,0
Nan Hua,2015,1,1
Nanyang,2015,1,1
Naval Base,2015,0,0
New Town,2015,0,0
Ngee Ann,2015,0,0
North Spring,2015,0,0
North View,2015,0,0
North Vista,2015,0,0
Northland,2015,0,0
Northoaks,2015,0,0
Oasis,2015,0,0
Opera Estate,2015,0,0
Palm View,2015,0,0
Park View,2015,0,0
Pasir Ris,2015,0,0
Paya Lebar Methodist Girls',2015,0,0
Pei Chun Public,2015,0,1
Pei Hwa Presbyterian,2015,0,1
Pei Tong,2015,0,0
Peiying,2015,0,0
Pioneer,2015,0,0
Poi Ching,2015,0,1
Princess Elizabeth,2015,0,0
Punggol,2015,0,0
Punggol Cove,2015,0,0
Punggol Green,2015,0,0
Punggol View,2015,0,0
Qifa,2015,0,0
Qihua,2015,0,0
Queenstown,2015,0,0
Radin Mas,2015,0,0
Raffles Girls',2015,1,0
Red Swastika,2015,0,1
River Valley,2015,0,0
Riverside,2015,0,0
Rivervale,2015,0,0
Rosyth,2015,1,0
Rulang,2015,0,0
Sembawang,2015,0,0
Seng Kang,2015,0,0
Sengkang Green,2015,0,0
Shuqun,2015,0,0
Si Ling,2015,0,0
Singapore Chinese Girls',2015,0,0
South View,2015,0,0
Springdale,2015,0,0
St. Andrew's Junior,2015,0,0
St. Anthony's,2015,0,0
St. Anthony's Canossian,2015,0,0
St. Gabriel's,2015,0,0
St. Hilda's,2015,1,0
St. Joseph's Institution Junior,2015,0,0
St. Margaret's,2015,0,0
St. Stephen's,2015,0,0
Tampines,2015,0,0
Tampines North,2015,0,0
Tanjong Katong,2015,0,0
Tao Nan,2015,1,1
Teck Ghee,2015,0,0
Teck Whye,2015,0,0
Telok Kurau,2015,0,0
Temasek,2015,0,0
Townsville,2015,0,0
Unity,2015,0,0
Waterway,2015,0,0
Wellington,2015,0,0
West Grove,2015,0,0
West Spring,2015,0,0
West View,2015,0,0
Westwood,2015,0,0
White Sands,2015,0,0
Woodgrove,2015,0,0
Woodlands,2015,0,0
Woodlands Ring,2015,0,0
Xinghua,2015,0,0
Xingnan,2015,0,0
Xinmin,2015,0,0
Xishan,2015,0,0
Yangzheng,2015,0,0
Yew Tee,2015,0,0
Yio Chu Kang,2015,0,0
Yishun,2015,0,0
Yu Neng,2015,0,0
Yuhua,2015,0,0
Yumin,2015,0,0
Zhangde,2015,0,0
Zhenghua,2015,0,0
Zhonghua,2015,0,0
Admiralty,2016,0,0
Ahmad Ibrahim,2016,0,0
Ai Tong,2016,0,1
Alexandra,2016,0,0
Anchor Green,2016,0,0
Anderson,2016,0,0
Ang Mo Kio,2016,0,0
Anglo-Chinese,2016,1,0
Anglo-Chinese (Junior),2016,0,0
Angsana,2016,0,0
Beacon,2016,0,0
Bedok Green,2016,0,0
Bendemeer,2016,0,0
Blangah Rise,2016,0,0
Boon Lay Garden,2016,0,0
Bukit Panjang,2016,0,0
Bukit Timah,2016,0,0
Bukit View,2016,0,0
CHIJ (Katong),2016,0,0
CHIJ (Kellock),2016,0,0
CHIJ (Toa Payoh),2016,0,0
CHIJ Our Lady Queen of Peace,2016,0,0
CHIJ Our Lady of Good Counsel,2016,0,0
CHIJ Our Lady of the Nativity,2016,0,0
CHIJ St. Nicholas Girls',2016,0,1
Canberra,2016,0,0
Canossa Catholic,2016,0,0
Cantonment,2016,0,0
Casuarina,2016,0,0
Catholic High,2016,1,1
Cedar,2016,0,0
Changkat,2016,0,0
Chongfu,2016,0,0
Chongzheng,2016,0,0
Chua Chu Kang,2016,0,0
Clementi,2016,0,0
Compassvale,2016,0,0
Concord,2016,0,0
Corporation,2016,0,0
Damai,2016,0,0
Dazhong,2016,0,0
De La Salle,2016,0,0
East Spring,2016,0,0
Edgefield,2016,0,0
Elias Park,2016,0,0
Endeavour,2016,0,0
Evergreen,2016,0,0
Fairfield Methodist,2016,0,0
Farrer Park,2016,0,0
Fengshan,2016,0,0
Fernvale,2016,0,0
First Toa Payoh,2016,0,0
Frontier,2016,0,0
Fuchun,2016,0,0
Fuhua,2016,0,0
Gan Eng Seng,2016,0,0
Geylang Methodist,2016,0,0
Gongshang,2016,0,0
Greendale,2016,0,0
Greenridge,2016,0,0
Greenwood,2016,0,0
Haig Girls',2016,0,0
Henry Park,2016,1,0
Holy Innocents',2016,0,1
Hong Wen,2016,0,1
Horizon,2016,0,0
Hougang,2016,0,0
Huamin,2016,0,0
Innova,2016,0,0
Jiemin,2016,0,0
Jing Shan,2016,0,0
Junyuan,2016,0,0
Jurong,2016,0,0
Jurong West,2016,0,0
Keming,2016,0,0
Kheng Cheng,2016,0,0
Kong Hwa,2016,0,1
Kranji,2016,0,0
Kuo Chuan Presbyterian,2016,0,0
Lakeside,2016,0,0
Lianhua,2016,0,0
Maha Bodhi,2016,0,1
Maris Stella High,2016,0,1
Marsiling,2016,0,0
Marymount Convent,2016,0,0
Mayflower,2016,0,0
Mee Toh,2016,0,0
Meridian,2016,0,0
Methodist Girls',2016,0,0
Montfort Junior,2016,0,0
Nan Chiau,2016,0,0
Nan Hua,2016,1,1
Nanyang,2016,1,1
Naval Base,2016,0,0
New Town,2016,0,0
Ngee Ann,2016,0,0
North Spring,2016,0,0
North View,2016,0,0
North Vista,2016,0,0
Northland,2016,0,0
Northoaks,2016,0,0
Oasis,2016,0,0
Opera Estate,2016,0,0
Palm View,2016,0,0
Park View,2016,0,0
Pasir Ris,2016,0,0
Paya Lebar Methodist Girls',2016,0,0
Pei Chun Public,2016,0,1
Pei Hwa Presbyterian,2016,0,1
Pei Tong,2016,0,0
Peiying,2016,0,0
Pioneer,2016,0,0
Poi Ching,2016,0,1
Princess Elizabeth,2016,0,0
Punggol,2016,0,0
Punggol Cove,2016,0,0
Punggol Green,2016,0,0
Punggol View,2016,0,0
Qifa,2016,0,0
Qihua,2016,0,0
Queenstown,2016,0,0
Radin Mas,2016,0,0
Raffles Girls',2016,1,0
Red Swastika,2016,0,1
River Valley,2016,0,0
Riverside,2016,0,0
Rivervale,2016,0,0
Rosyth,2016,1,0
Rulang,2016,0,0
Sembawang,2016,0,0
Seng Kang,2016,0,0
Sengkang Green,2016,0,0
Shuqun,2016,0,0
Si Ling,2016,0,0
Singapore Chinese Girls',2016,0,0
South View,2016,0,0
Springdale,2016,0,0
St. Andrew's Junior,2016,0,0
St. Anthony's,2016,0,0
St. Anthony's Canossian,2016,0,0
St. Gabriel's,2016,0,0
St. Hilda's,2016,1,0
St. Joseph's Institution Junior,2016,0,0
St. Margaret's,2016,0,0
St. Stephen's,2016,0,0
Tampines,2016,0,0
Tampines North,2016,0,0
Tanjong Katong,2016,0,0
Tao Nan,2016,1,1
Teck Ghee,2016,0,0
Teck Whye,2016,0,0
Telok Kurau,2016,0,0
Temasek,2016,0,0
Townsville,2016,0,0
Unity,2016,0,0
Waterway,2016,0,0
Wellington,2016,0,0
West Grove,2016,0,0
West Spring,2016,0,0
West View,2016,0,0
Westwood,2016,0,0
White Sands,2016,0,0
Woodgrove,2016,0,0
Woodlands,2016,0,0
Woodlands Ring,2016,0,0
Xinghua,2016,0,0
Xingnan,2016,0,0
Xinmin,2016,0,0
Xishan,2016,0,0
Yangzheng,2016,0,0
Yew Tee,2016,0,0
Yio Chu Kang,2016,0,0
Yishun,2016,0,0
Yu Neng,2016,0,0
Yuhua,2016,0,0
Yumin,2016,0,0
Zhangde,2016,0,0
Zhenghua,2016,0,0
Zhonghua,2016,0,0
Admiralty,2017,0,0
Ahmad Ibrahim,2017,0,0
Ai Tong,2017,0,1
Alexandra,2017,0,0
Anchor Green,2017,0,0
Anderson,2017,0,0
Ang Mo Kio,2017,0,0
Anglo-Chinese,2017,1,0
Anglo-Chinese (Junior),2017,0,0
Angsana,2017,0,0
Beacon,2017,0,0
Bedok Green,2017,0,0
Bendemeer,2017,0,0
Blangah Rise,2017,0,0
Boon Lay Garden,2017,0,0
Bukit Panjang,2017,0,0
Bukit Timah,2017,0,0
Bukit View,2017,0,0
CHIJ (Katong),2017,0,0
CHIJ (Kellock),2017,0,0
CHIJ (Toa Payoh),2017,0,0
CHIJ Our Lady Queen of Peace,2017,0,0
CHIJ Our Lady of Good Counsel,2017,0,0
CHIJ Our Lady of the Nativity,2017,0,0
CHIJ St. Nicholas Girls',2017,0,1
Canberra,2017,0,0
Canossa Catholic,2017,0,0
Cantonment,2017,0,0
Casuarina,2017,0,0
Catholic High,2017,1,1
Cedar,2017,0,0
Changkat,2017,0,0
Chongfu,2017,0,0
Chongzheng,2017,0,0
Chua Chu Kang,2017,0,0
Clementi,2017,0,0
Compassvale,2017,0,0
Concord,2017,0,0
Corporation,2017,0,0
Damai,2017,0,0
Dazhong,2017,0,0
De La Salle,2017,0,0
East Spring,2017,0,0
Edgefield,2017,0,0
Elias Park,2017,0,0
Endeavour,2017,0,0
Evergreen,2017,0,0
Fairfield Methodist,2017,0,0
Farrer Park,2017,0,0
Fengshan,2017,0,0
Fern Green,2017,0,0
Fernvale,2017,0,0
First Toa Payoh,2017,0,0
Frontier,2017,0,0
Fuchun,2017,0,0
Fuhua,2017,0,0
Gan Eng Seng,2017,0,0
Geylang Methodist,2017,0,0
Gongshang,2017,0,0
Greendale,2017,0,0
Greenridge,2017,0,0
Greenwood,2017,0,0
Haig Girls',2017,0,0
Henry Park,2017,1,0
Holy Innocents',2017,0,1
Hong Wen,2017,0,1
Horizon,2017,0,0
Hougang,2017,0,0
Huamin,2017,0,0
Innova,2017,0,0
Jiemin,2017,0,0
Jing Shan,2017,0,0
Junyuan,2017,0,0
Jurong,2017,0,0
Jurong West,2017,0,0
Keming,2017,0,0
Kheng Cheng,2017,0,0
Kong Hwa,2017,0,1
Kranji,2017,0,0
Kuo Chuan Presbyterian,2017,0,0
Lakeside,2017,0,0
Lianhua,2017,0,0
Maha Bodhi,2017,0,1
Maris Stella High,2017,0,1
Marsiling,2017,0,0
Marymount Convent,2017,0,0
Mayflower,2017,0,0
Mee Toh,2017,0,0
Meridian,2017,0,0
Methodist Girls',2017,0,0
Montfort Junior,2017,0,0
Nan Chiau,2017,0,0
Nan Hua,2017,1,1
Nanyang,2017,1,1
Naval Base,2017,0,0
New Town,2017,0,0
Ngee Ann,2017,0,0
North Spring,2017,0,0
North View,2017,0,0
North Vista,2017,0,0
Northland,2017,0,0
Northoaks,2017,0,0
Oasis,2017,0,0
Opera Estate,2017,0,0
Palm View,2017,0,0
Park View,2017,0,0
Pasir Ris,2017,0,0
Paya Lebar Methodist Girls',2017,0,0
Pei Chun Public,2017,0,1
Pei Hwa Presbyterian,2017,0,1
Pei Tong,2017,0,0
Peiying,2017,0,0
Pioneer,2017,0,0
Poi Ching,2017,0,1
Princess Elizabeth,2017,0,0
Punggol,2017,0,0
Punggol Cove,2017,0,0
Punggol Green,2017,0,0
Punggol View,2017,0,0
Qifa,2017,0,0
Qihua,2017,0,0
Queenstown,2017,0,0
Radin Mas,2017,0,0
Raffles Girls',2017,1,0
Red Swastika,2017,0,1
River Valley,2017,0,0
Riverside,2017,0,0
Rivervale,2017,0,0
Rosyth,2017,1,0
Rulang,2017,0,0
Sembawang,2017,0,0
Seng Kang,2017,0,0
Sengkang Green,2017,0,0
Shuqun,2017,0,0
Si Ling,2017,0,0
Singapore Chinese Girls',2017,0,0
South View,2017,0,0
Springdale,2017,0,0
St. Andrew's Junior,2017,0,0
St. Anthony's,2017,0,0
St. Anthony's Canossian,2017,0,0
St. Gabriel's,2017,0,0
St. Hilda's,2017,1,0
St. Joseph's Institution Junior,2017,0,0
St. Margaret's,2017,0,0
St. Stephen's,2017,0,0
Tampines,2017,0,0
Tampines North,2017,0,0
Tanjong Katong,2017,0,0
Tao Nan,2017,1,1
Teck Ghee,2017,0,0
Teck Whye,2017,0,0
Telok Kurau,2017,0,0
Temasek,2017,0,0
Townsville,2017,0,0
Unity,2017,0,0
Waterway,2017,0,0
Wellington,2017,0,0
West Grove,2017,0,0
West Spring,2017,0,0
West View,2017,0,0
Westwood,2017,0,0
White Sands,2017,0,0
Woodgrove,2017,0,0
Woodlands,2017,0,0
Woodlands Ring,2017,0,0
Xinghua,2017,0,0
Xingnan,2017,0,0
Xinmin,2017,0,0
Xishan,2017,0,0
Yangzheng,2017,0,0
Yew Tee,2017,0,0
Yio Chu Kang,2017,0,0
Yishun,2017,0,0
Yu Neng,2017,0,0
Yuhua,2017,0,0
Yumin,2017,0,0
Zhangde,2017,0,0
Zhenghua,2017,0,0
Zhonghua,2017,0,0
Admiralty,2018,0,0
Ahmad Ibrahim,2018,0,0
Ai Tong,2018,0,1
Alexandra,2018,0,0
Anchor Green,2018,0,0
Anderson,2018,0,0
Ang Mo Kio,2018,0,0
Anglo-Chinese,2018,1,0
Anglo-Chinese (Junior),2018,0,0
Angsana,2018,0,0
Beacon,2018,0,0
Bedok Green,2018,0,0
Bendemeer,2018,0,0
Blangah Rise,2018,0,0
Boon Lay Garden,2018,0,0
Bukit Panjang,2018,0,0
Bukit Timah,2018,0,0
Bukit View,2018,0,0
CHIJ (Katong),2018,0,0
CHIJ (Kellock),2018,0,0
CHIJ (Toa Payoh),2018,0,0
CHIJ Our Lady Queen of Peace,2018,0,0
CHIJ Our Lady of Good Counsel,2018,0,0
CHIJ Our Lady of the Nativity,2018,0,0
CHIJ St. Nicholas Girls',2018,0,1
Canberra,2018,0,0
Canossa Catholic,2018,0,0
Cantonment,2018,0,0
Casuarina,2018,0,0
Catholic High,2018,1,1
Cedar,2018,0,0
Changkat,2018,0,0
Chongfu,2018,0,0
Chongzheng,2018,0,0
Chua Chu Kang,2018,0,0
Clementi,2018,0,0
Compassvale,2018,0,0
Concord,2018,0,0
Corporation,2018,0,0
Damai,2018,0,0
Dazhong,2018,0,0
De La Salle,2018,0,0
East Spring,2018,0,0
Edgefield,2018,0,0
Elias Park,2018,0,0
Endeavour,2018,0,0
Evergreen,2018,0,0
Fairfield Methodist,2018,0,0
Farrer Park,2018,0,0
Fengshan,2018,0,0
Fern Green,2018,0,0
Fernvale,2018,0,0
First Toa Payoh,2018,0,0
Frontier,2018,0,0
Fuchun,2018,0,0
Fuhua,2018,0,0
Gan Eng Seng,2018,0,0
Geylang Methodist,2018,0,0
Gongshang,2018,0,0
Greendale,2018,0,0
Greenridge,2018,0,0
Greenwood,2018,0,0
Haig Girls',2018,0,0
Henry Park,2018,1,0
Holy Innocents',2018,0,1
Hong Wen,2018,0,1
Horizon,2018,0,0
Hougang,2018,0,0
Huamin,2018,0,0
Innova,2018,0,0
Jiemin,2018,0,0
Jing Shan,2018,0,0
Junyuan,2018,0,0
Jurong,2018,0,0
Jurong West,2018,0,0
Keming,2018,0,0
Kheng Cheng,2018,0,0
Kong Hwa,2018,0,1
Kranji,2018,0,0
Kuo Chuan Presbyterian,2018,0,0
Lakeside,2018,0,0
Lianhua,2018,0,0
Maha Bodhi,2018,0,1
Maris Stella High,2018,0,1
Marsiling,2018,0,0
Marymount Convent,2018,0,0
Mayflower,2018,0,0
Mee Toh,2018,0,0
Meridian,2018,0,0
Methodist Girls',2018,0,0
Montfort Junior,2018,0,0
Nan Chiau,2018,0,0
Nan Hua,2018,1,1
Nanyang,2018,1,1
Naval Base,2018,0,0
New Town,2018,0,0
Ngee Ann,2018,0,0
North Spring,2018,0,0
North View,2018,0,0
North Vista,2018,0,0
Northland,2018,0,0
Northoaks,2018,0,0
Oasis,2018,0,0
Opera Estate,2018,0,0
Palm View,2018,0,0
Park View,2018,0,0
Pasir Ris,2018,0,0
Paya Lebar Methodist Girls',2018,0,0
Pei Chun Public,2018,0,1
Pei Hwa Presbyterian,2018,0,1
Pei Tong,2018,0,0
Peiying,2018,0,0
Pioneer,2018,0,0
Poi Ching,2018,0,1
Princess Elizabeth,2018,0,0
Punggol,2018,0,0
Punggol Cove,2018,0,0
Punggol Green,2018,0,0
Punggol View,2018,0,0
Qifa,2018,0,0
Qihua,2018,0,0
Queenstown,2018,0,0
Radin Mas,2018,0,0
Raffles Girls',2018,1,0
Red Swastika,2018,0,1
River Valley,2018,0,0
Riverside,2018,0,0
Rivervale,2018,0,0
Rosyth,2018,1,0
Rulang,2018,0,0
Sembawang,2018,0,0
Seng Kang,2018,0,0
Sengkang Green,2018,0,0
Shuqun,2018,0,0
Si Ling,2018,0,0
Singapore Chinese Girls',2018,0,0
South View,2018,0,0
Springdale,2018,0,0
St. Andrew's Junior,2018,0,0
St. Anthony's,2018,0,0
St. Anthony's Canossian,2018,0,0
St. Gabriel's,2018,0,0
St. Hilda's,2018,1,0
St. Joseph's Institution Junior,2018,0,0
St. Margaret's,2018,0,0
St. Stephen's,2018,0,0
Tampines,2018,0,0
Tampines North,2018,0,0
Tanjong Katong,2018,0,0
Tao Nan,2018,1,1
Teck Ghee,2018,0,0
Teck Whye,2018,0,0
Telok Kurau,2018,0,0
Temasek,2018,0,0
Townsville,2018,0,0
Unity,2018,0,0
Waterway,2018,0,0
Wellington,2018,0,0
West Grove,2018,0,0
West Spring,2018,0,0
West View,2018,0,0
Westwood,2018,0,0
White Sands,2018,0,0
Woodgrove,2018,0,0
Woodlands,2018,0,0
Woodlands Ring,2018,0,0
Xinghua,2018,0,0
Xingnan,2018,0,0
Xinmin,2018,0,0
Xishan,2018,0,0
Yangzheng,2018,0,0
Yew Tee,2018,0,0
Yio Chu Kang,2018,0,0
Yishun,2018,0,0
Yu Neng,2018,0,0
Yuhua,2018,0,0
Yumin,2018,0,0
Zhangde,2018,0,0
Zhenghua,2018,0,0
Zhonghua,2018,0,0
Admiralty,2019,0,0
Ahmad Ibrahim,2019,0,0
Ai Tong,2019,0,1
Alexandra,2019,0,0
Anchor Green,2019,0,0
Anderson,2019,0,0
Ang Mo Kio,2019,0,0
Anglo-Chinese,2019,1,0
Anglo-Chinese (Junior),2019,0,0
Angsana,2019,0,0
Beacon,2019,0,0
Bedok Green,2019,0,0
Bendemeer,2019,0,0
Blangah Rise,2019,0,0
Boon Lay Garden,2019,0,0
Bukit Panjang,2019,0,0
Bukit Timah,2019,0,0
Bukit View,2019,0,0
CHIJ (Katong),2019,0,0
CHIJ (Kellock),2019,0,0
CHIJ (Toa Payoh),2019,0,0
CHIJ Our Lady Queen of Peace,2019,0,0
CHIJ Our Lady of Good Counsel,2019,0,0
CHIJ Our Lady of the Nativity,2019,0,0
CHIJ St. Nicholas Girls',2019,0,1
Canberra,2019,0,0
Canossa Catholic,2019,0,0
Cantonment,2019,0,0
Casuarina,2019,0,0
Catholic High,2019,1,1
Cedar,2019,0,0
Changkat,2019,0,0
Chongfu,2019,0,0
Chongzheng,2019,0,0
Chua Chu Kang,2019,0,0
Clementi,2019,0,0
Compassvale,2019,0,0
Concord,2019,0,0
Corporation,2019,0,0
Damai,2019,0,0
Dazhong,2019,0,0
De La Salle,2019,0,0
East Spring,2019,0,0
Edgefield,2019,0,0
Elias Park,2019,0,0
Endeavour,2019,0,0
Evergreen,2019,0,0
Fairfield Methodist,2019,0,0
Farrer Park,2019,0,0
Fengshan,2019,0,0
Fern Green,2019,0,0
Fernvale,2019,0,0
First Toa Payoh,2019,0,0
Frontier,2019,0,0
Fuchun,2019,0,0
Fuhua,2019,0,0
Gan Eng Seng,2019,0,0
Geylang Methodist,2019,0,0
Gongshang,2019,0,0
Greendale,2019,0,0
Greenridge,2019,0,0
Greenwood,2019,0,0
Haig Girls',2019,0,0
Henry Park,2019,1,0
Holy Innocents',2019,0,1
Hong Wen,2019,0,1
Horizon,2019,0,0
Hougang,2019,0,0
Huamin,2019,0,0
Innova,2019,0,0
Jiemin,2019,0,0
Jing Shan,2019,0,0
Junyuan,2019,0,0
Jurong,2019,0,0
Jurong West,2019,0,0
Keming,2019,0,0
Kheng Cheng,2019,0,0
Kong Hwa,2019,0,1
Kranji,2019,0,0
Kuo Chuan Presbyterian,2019,0,0
Lakeside,2019,0,0
Lianhua,2019,0,0
Maha Bodhi,2019,0,1
Maris Stella High,2019,0,1
Marsiling,2019,0,0
Marymount Convent,2019,0,0
Mayflower,2019,0,0
Mee Toh,2019,0,0
Meridian,2019,0,0
Methodist Girls',2019,0,0
Montfort Junior,2019,0,0
Nan Chiau,2019,0,0
Nan Hua,2019,1,1
Nanyang,2019,1,1
Naval Base,2019,0,0
New Town,2019,0,0
Ngee Ann,2019,0,0
North Spring,2019,0,0
North View,2019,0,0
North Vista,2019,0,0
Northland,2019,0,0
Northoaks,2019,0,0
Oasis,2019,0,0
Opera Estate,2019,0,0
Palm View,2019,0,0
Park View,2019,0,0
Pasir Ris,2019,0,0
Paya Lebar Methodist Girls',2019,0,0
Pei Chun Public,2019,0,1
Pei Hwa Presbyterian,2019,0,1
Pei Tong,2019,0,0
Peiying,2019,0,0
Pioneer,2019,0,0
Poi Ching,2019,0,1
Princess Elizabeth,2019,0,0
Punggol,2019,0,0
Punggol Cove,2019,0,0
Punggol Green,2019,0,0
Punggol View,2019,0,0
Qifa,2019,0,0
Qihua,2019,0,0
Queenstown,2019,0,0
Radin Mas,2019,0,0
Raffles Girls',2019,1,0
Red Swastika,2019,0,1
River Valley,2019,0,0
Riverside,2019,0,0
Rivervale,2019,0,0
Rosyth,2019,1,0
Rulang,2019,0,0
Sembawang,2019,0,0
Seng Kang,2019,0,0
Sengkang Green,2019,0,0
Shuqun,2019,0,0
Si Ling,2019,0,0
Singapore Chinese Girls',2019,0,0
South View,2019,0,0
Springdale,2019,0,0
St. Andrew's Junior,2019,0,0
St. Anthony's,2019,0,0
St. Anthony's Canossian,2019,0,0
St. Gabriel's,2019,0,0
St. Hilda's,2019,1,0
St. Joseph's Institution Junior,2019,0,0
St. Margaret's,2019,0,0
St. Stephen's,2019,0,0
Tampines,2019,0,0
Tampines North,2019,0,0
Tanjong Katong,2019,0,0
Tao Nan,2019,1,1
Teck Ghee,2019,0,0
Teck Whye,2019,0,0
Telok Kurau,2019,0,0
Temasek,2019,0,0
Townsville,2019,0,0
Unity,2019,0,0
Valour,2019,0,0
Waterway,2019,0,0
Wellington,2019,0,0
West Grove,2019,0,0
West Spring,2019,0,0
West View,2019,0,0
Westwood,2019,0,0
White Sands,2019,0,0
Woodgrove,2019,0,0
Woodlands,2019,0,0
Woodlands Ring,2019,0,0
Xinghua,2019,0,0
Xingnan,2019,0,0
Xinmin,2019,0,0
Xishan,2019,0,0
Yangzheng,2019,0,0
Yew Tee,2019,0,0
Yio Chu Kang,2019,0,0
Yishun,2019,0,0
Yu Neng,2019,0,0
Yuhua,2019,0,0
Yumin,2019,0,0
Zhangde,2019,0,0
Zhenghua,2019,0,0
Zhonghua,2019,0,0
Admiralty,2020,0,0
Ahmad Ibrahim,2020,0,0
Ai Tong,2020,0,1
Alexandra,2020,0,0
Anchor Green,2020,0,0
Anderson,2020,0,0
Ang Mo Kio,2020,0,0
Anglo-Chinese,2020,1,0
Anglo-Chinese (Junior),2020,0,0
Angsana,2020,0,0
Beacon,2020,0,0
Bedok Green,2020,0,0
Bendemeer,2020,0,0
Blangah Rise,2020,0,0
Boon Lay Garden,2020,0,0
Bukit Panjang,2020,0,0
Bukit Timah,2020,0,0
Bukit View,2020,0,0
CHIJ (Katong),2020,0,0
CHIJ (Kellock),2020,0,0
CHIJ (Toa Payoh),2020,0,0
CHIJ Our Lady Queen of Peace,2020,0,0
CHIJ Our Lady of Good Counsel,2020,0,0
CHIJ Our Lady of the Nativity,2020,0,0
CHIJ St. Nicholas Girls',2020,0,1
Canberra,2020,0,0
Canossa Catholic,2020,0,0
Cantonment,2020,0,0
Casuarina,2020,0,0
Catholic High,2020,1,1
Cedar,2020,0,0
Changkat,2020,0,0
Chongfu,2020,0,0
Chongzheng,2020,0,0
Chua Chu Kang,2020,0,0
Clementi,2020,0,0
Compassvale,2020,0,0
Concord,2020,0,0
Corporation,2020,0,0
Damai,2020,0,0
Dazhong,2020,0,0
De La Salle,2020,0,0
East Spring,2020,0,0
Edgefield,2020,0,0
Elias Park,2020,0,0
Endeavour,2020,0,0
Evergreen,2020,0,0
Fairfield Methodist,2020,0,0
Farrer Park,2020,0,0
Fengshan,2020,0,0
Fern Green,2020,0,0
Fernvale,2020,0,0
First Toa Payoh,2020,0,0
Frontier,2020,0,0
Fuchun,2020,0,0
Fuhua,2020,0,0
Gan Eng Seng,2020,0,0
Geylang Methodist,2020,0,0
Gongshang,2020,0,0
Greendale,2020,0,0
Greenridge,2020,0,0
Greenwood,2020,0,0
Haig Girls',2020,0,0
Henry Park,2020,1,0
Holy Innocents',2020,0,1
Hong Wen,2020,0,1
Horizon,2020,0,0
Hougang,2020,0,0
Huamin,2020,0,0
Innova,2020,0,0
Jiemin,2020,0,0
Jing Shan,2020,0,0
Junyuan,2020,0,0
Jurong,2020,0,0
Jurong West,2020,0,0
Keming,2020,0,0
Kheng Cheng,2020,0,0
Kong Hwa,2020,0,1
Kranji,2020,0,0
Kuo Chuan Presbyterian,2020,0,0
Lakeside,2020,0,0
Lianhua,2020,0,0
Maha Bodhi,2020,0,1
Maris Stella High,2020,0,1
Marsiling,2020,0,0
Marymount Convent,2020,0,0
Mayflower,2020,0,0
Mee Toh,2020,0,0
Meridian,2020,0,0
Methodist Girls',2020,0,0
Montfort Junior,2020,0,0
Nan Chiau,2020,0,0
Nan Hua,2020,1,1
Nanyang,2020,1,1
Naval Base,2020,0,0
New Town,2020,0,0
Ngee Ann,2020,0,0
North Spring,2020,0,0
North View,2020,0,0
North Vista,2020,0,0
Northland,2020,0,0
Northoaks,2020,0,0
Northshore,2020,0,0
Oasis,2020,0,0
Opera Estate,2020,0,0
Palm View,2020,0,0
Park View,2020,0,0
Pasir Ris,2020,0,0
Paya Lebar Methodist Girls',2020,0,0
Pei Chun Public,2020,0,1
Pei Hwa Presbyterian,2020,0,1
Pei Tong,2020,0,0
Peiying,2020,0,0
Pioneer,2020,0,0
Poi Ching,2020,0,1
Princess Elizabeth,2020,0,0
Punggol,2020,0,0
Punggol Cove,2020,0,0
Punggol Green,2020,0,0
Punggol View,2020,0,0
Qifa,2020,0,0
Qihua,2020,0,0
Queenstown,2020,0,0
Radin Mas,2020,0,0
Raffles Girls',2020,1,0
Red Swastika,2020,0,1
River Valley,2020,0,0
Riverside,2020,0,0
Rivervale,2020,0,0
Rosyth,2020,1,0
Rulang,2020,0,0
Sembawang,2020,0,0
Seng Kang,2020,0,0
Sengkang Green,2020,0,0
Shuqun,2020,0,0
Si Ling,2020,0,0
Singapore Chinese Girls',2020,0,0
South View,2020,0,0
Springdale,2020,0,0
St. Andrew's Junior,2020,0,0
St. Anthony's,2020,0,0
St. Anthony's Canossian,2020,0,0
St. Gabriel's,2020,0,0
St. Hilda's,2020,1,0
St. Joseph's Institution Junior,2020,0,0
St. Margaret's,2020,0,0
St. Stephen's,2020,0,0
Tampines,2020,0,0
Tampines North,2020,0,0
Tanjong Katong,2020,0,0
Tao Nan,2020,1,1
Teck Ghee,2020,0,0
Teck Whye,2020,0,0
Telok Kurau,2020,0,0
Temasek,2020,0,0
Townsville,2020,0,0
Unity,2020,0,0
Valour,2020,0,0
Waterway,2020,0,0
Wellington,2020,0,0
West Grove,2020,0,0
West Spring,2020,0,0
West View,2020,0,0
Westwood,2020,0,0
White Sands,2020,0,0
Woodgrove,2020,0,0
Woodlands,2020,0,0
Woodlands Ring,2020,0,0
Xinghua,2020,0,0
Xingnan,2020,0,0
Xinmin,2020,0,0
Xishan,2020,0,0
Yangzheng,2020,0,0
Yew Tee,2020,0,0
Yio Chu Kang,2020,0,0
Yishun,2020,0,0
Yu Neng,2020,0,0
Yuhua,2020,0,0
Yumin,2020,0,0
Zhangde,2020,0,0
Zhenghua,2020,0,0
Zhonghua,2020,0,0
Admiralty,2021,0,0
Ahmad Ibrahim,2021,0,0
Ai Tong,2021,0,1
Alexandra,2021,0,0
Anchor Green,2021,0,0
Anderson,2021,0,0
Ang Mo Kio,2021,0,0
Anglo-Chinese,2021,1,0
Anglo-Chinese (Junior),2021,0,0
Angsana,2021,0,0
Beacon,2021,0,0
Bedok Green,2021,0,0
Bendemeer,2021,0,0
Blangah Rise,2021,0,0
Boon Lay Garden,2021,0,0
Bukit Panjang,2021,0,0
Bukit Timah,2021,0,0
Bukit View,2021,0,0
CHIJ (Katong),2021,0,0
CHIJ (Kellock),2021,0,0
CHIJ (Toa Payoh),2021,0,0
CHIJ Our Lady Queen of Peace,2021,0,0
CHIJ Our Lady of Good Counsel,2021,0,0
CHIJ Our Lady of the Nativity,2021,0,0
CHIJ St. Nicholas Girls',2021,0,1
Canberra,2021,0,0
Canossa Catholic,2021,0,0
Cantonment,2021,0,0
Casuarina,2021,0,0
Catholic High,2021,1,1
Cedar,2021,0,0
Changkat,2021,0,0
Chongfu,2021,0,0
Chongzheng,2021,0,0
Chua Chu Kang,2021,0,0
Clementi,2021,0,0
Compassvale,2021,0,0
Concord,2021,0,0
Corporation,2021,0,0
Damai,2021,0,0
Dazhong,2021,0,0
De La Salle,2021,0,0
East Spring,2021,0,0
Edgefield,2021,0,0
Elias Park,2021,0,0
Endeavour,2021,0,0
Evergreen,2021,0,0
Fairfield Methodist,2021,0,0
Farrer Park,2021,0,0
Fengshan,2021,0,0
Fern Green,2021,0,0
Fernvale,2021,0,0
First Toa Payoh,2021,0,0
Frontier,2021,0,0
Fuchun,2021,0,0
Fuhua,2021,0,0
Gan Eng Seng,2021,0,0
Geylang Methodist,2021,0,0
Gongshang,2021,0,0
Greendale,2021,0,0
Greenridge,2021,0,0
Greenwood,2021,0,0
Haig Girls',2021,0,0
Henry Park,2021,1,0
Holy Innocents',2021,0,1
Hong Wen,2021,0,1
Horizon,2021,0,0
Hougang,2021,0,0
Huamin,2021,0,0
Innova,2021,0,0
Jiemin,2021,0,0
Jing Shan,2021,0,0
Junyuan,2021,0,0
Jurong,2021,0,0
Jurong West,2021,0,0
Keming,2021,0,0
Kheng Cheng,2021,0,0
Kong Hwa,2021,0,1
Kranji,2021,0,0
Kuo Chuan Presbyterian,2021,0,0
Lakeside,2021,0,0
Lianhua,2021,0,0
Maha Bodhi,2021,0,1
Maris Stella High,2021,0,1
Marsiling,2021,0,0
Marymount Convent,2021,0,0
Mayflower,2021,0,0
Mee Toh,2021,0,0
Meridian,2021,0,0
Methodist Girls',2021,0,0
Montfort Junior,2021,0,0
Nan Chiau,2021,0,0
Nan Hua,2021,1,1
Nanyang,2021,1,1
Naval Base,2021,0,0
New Town,2021,0,0
Ngee Ann,2021,0,0
North Spring,2021,0,0
North View,2021,0,0
North Vista,2021,0,0
Northland,2021,0,0
Northoaks,2021,0,0
Northshore,2021,0,0
Oasis,2021,0,0
Opera Estate,2021,0,0
Palm View,2021,0,0
Park View,2021,0,0
Pasir Ris,2021,0,0
Paya Lebar Methodist Girls',2021,0,0
Pei Chun Public,2021,0,1
Pei Hwa Presbyterian,2021,0,1
Pei Tong,2021,0,0
Peiying,2021,0,0
Poi Ching,2021,0,1
Princess Elizabeth,2021,0,0
Punggol,2021,0,0
Punggol Cove,2021,0,0
Punggol Green,2021,0,0
Punggol View,2021,0,0
Qifa,2021,0,0
Qihua,2021,0,0
Queenstown,2021,0,0
Radin Mas,2021,0,0
Raffles Girls',2021,1,0
Red Swastika,2021,0,1
River Valley,2021,0,0
Riverside,2021,0,0
Rivervale,2021,0,0
Rosyth,2021,1,0
Rulang,2021,0,0
Sembawang,2021,0,0
Seng Kang,2021,0,0
Sengkang Green,2021,0,0
Shuqun,2021,0,0
Si Ling,2021,0,0
Singapore Chinese Girls',2021,0,0
South View,2021,0,0
Springdale,2021,0,0
St. Andrew's Junior,2021,0,0
St. Anthony's,2021,0,0
St. Anthony's Canossian,2021,0,0
St. Gabriel's,2021,0,0
St. Hilda's,2021,1,0
St. Joseph's Institution Junior,2021,0,0
St. Margaret's,2021,0,0
St. Stephen's,2021,0,0
Tampines,2021,0,0
Tampines North,2021,0,0
Tanjong Katong,2021,0,0
Tao Nan,2021,1,1
Teck Ghee,2021,0,0
Teck Whye,2021,0,0
Telok Kurau,2021,0,0
Temasek,2021,0,0
Townsville,2021,0,0
Unity,2021,0,0
Valour,2021,0,0
Waterway,2021,0,0
Wellington,2021,0,0
West Grove,2021,0,0
West Spring,2021,0,0
West View,2021,0,0
Westwood,2021,0,0
White Sands,2021,0,0
Woodgrove,2021,0,0
Woodlands,2021,0,0
Woodlands Ring,2021,0,0
Xinghua,2021,0,0
Xingnan,2021,0,0
Xinmin,2021,0,0
Xishan,2021,0,0
Yangzheng,2021,0,0
Yew Tee,2021,0,0
Yio Chu Kang,2021,0,0
Yishun,2021,0,0
Yu Neng,2021,0,0
Yuhua,2021,0,0
Yumin,2021,0,0
Zhangde,2021,0,0
Zhenghua,2021,0,0
Zhonghua,2021,0,0
Admiralty,2022,0,0
Ahmad Ibrahim,2022,0,0
Ai Tong,2022,0,1
Alexandra,2022,0,0
Anchor Green,2022,0,0
Anderson,2022,0,0
Ang Mo Kio,2022,0,0
Anglo-Chinese,2022,1,0
Anglo-Chinese (Junior),2022,0,0
Angsana,2022,0,0
Beacon,2022,0,0
Bedok Green,2022,0,0
Bendemeer,2022,0,0
Blangah Rise,2022,0,0
Boon Lay Garden,2022,0,0
Bukit Panjang,2022,0,0
Bukit Timah,2022,0,0
Bukit View,2022,0,0
CHIJ (Katong),2022,0,0
CHIJ (Kellock),2022,0,0
CHIJ (Toa Payoh),2022,0,0
CHIJ Our Lady Queen of Peace,2022,0,0
CHIJ Our Lady of Good Counsel,2022,0,0
CHIJ Our Lady of the Nativity,2022,0,0
CHIJ St. Nicholas Girls',2022,0,1
Canberra,2022,0,0
Canossa Catholic,2022,0,0
Cantonment,2022,0,0
Casuarina,2022,0,0
Catholic High,2022,1,1
Cedar,2022,0,0
Changkat,2022,0,0
Chongfu,2022,0,0
Chongzheng,2022,0,0
Chua Chu Kang,2022,0,0
Clementi,2022,0,0
Compassvale,2022,0,0
Concord,2022,0,0
Corporation,2022,0,0
Damai,2022,0,0
Dazhong,2022,0,0
De La Salle,2022,0,0
East Spring,2022,0,0
Edgefield,2022,0,0
Elias Park,2022,0,0
Endeavour,2022,0,0
Evergreen,2022,0,0
Fairfield Methodist,2022,0,0
Farrer Park,2022,0,0
Fengshan,2022,0,0
Fern Green,2022,0,0
Fernvale,2022,0,0
First Toa Payoh,2022,0,0
Frontier,2022,0,0
Fuchun,2022,0,0
Fuhua,2022,0,0
Gan Eng Seng,2022,0,0
Geylang Methodist,2022,0,0
Gongshang,2022,0,0
Greendale,2022,0,0
Greenridge,2022,0,0
Greenwood,2022,0,0
Haig Girls',2022,0,0
Henry Park,2022,1,0
Holy Innocents',2022,0,1
Hong Wen,2022,0,1
Horizon,2022,0,0
Hougang,2022,0,0
Huamin,2022,0,0
Innova,2022,0,0
Jiemin,2022,0,0
Jing Shan,2022,0,0
Junyuan,2022,0,0
Jurong,2022,0,0
Jurong West,2022,0,0
Keming,2022,0,0
Kheng Cheng,2022,0,0
Kong Hwa,2022,0,1
Kranji,2022,0,0
Kuo Chuan Presbyterian,2022,0,0
Lakeside,2022,0,0
Lianhua,2022,0,0
Maha Bodhi,2022,0,1
Maris Stella High,2022,0,1
Marsiling,2022,0,0
Marymount Convent,2022,0,0
Mayflower,2022,0,0
Mee Toh,2022,0,0
Meridian,2022,0,0
Methodist Girls',2022,0,0
Montfort Junior,2022,0,0
Nan Chiau,2022,0,0
Nan Hua,2022,1,1
Nanyang,2022,1,1
Naval Base,2022,0,0
New Town,2022,0,0
Ngee Ann,2022,0,0
North Spring,2022,0,0
North View,2022,0,0
North Vista,2022,0,0
Northland,2022,0,0
Northoaks,2022,0,0
Northshore,2022,0,0
Oasis,2022,0,0
Opera Estate,2022,0,0
Palm View,2022,0,0
Park View,2022,0,0
Pasir Ris,2022,0,0
Paya Lebar Methodist Girls',2022,0,0
Pei Chun Public,2022,0,1
Pei Hwa Presbyterian,2022,0,1
Pei Tong,2022,0,0
Peiying,2022,0,0
Poi Ching,2022,0,1
Princess Elizabeth,2022,0,0
Punggol,2022,0,0
Punggol Cove,2022,0,0
Punggol Green,2022,0,0
Punggol View,2022,0,0
Qifa,2022,0,0
Qihua,2022,0,0
Queenstown,2022,0,0
Radin Mas,2022,0,0
Raffles Girls',2022,1,0
Red Swastika,2022,0,1
River Valley,2022,0,0
Riverside,2022,0,0
Rivervale,2022,0,0
Rosyth,2022,1,0
Rulang,2022,0,0
Sembawang,2022,0,0
Seng Kang,2022,0,0
Sengkang Green,2022,0,0
Shuqun,2022,0,0
Si Ling,2022,0,0
Singapore Chinese Girls',2022,0,0
South View,2022,0,0
Springdale,2022,0,0
St. Andrew's Junior,2022,0,0
St. Anthony's,2022,0,0
St. Anthony's Canossian,2022,0,0
St. Gabriel's,2022,0,0
St. Hilda's,2022,1,0
St. Joseph's Institution Junior,2022,0,0
St. Margaret's,2022,0,0
St. Stephen's,2022,0,0
Tampines,2022,0,0
Tampines North,2022,0,0
Tanjong Katong,2022,0,0
Tao Nan,2022,1,1
Teck Ghee,2022,0,0
Teck Whye,2022,0,0
Telok Kurau,2022,0,0
Temasek,2022,0,0
Townsville,2022,0,0
Unity,2022,0,0
Valour,2022,0,0
Waterway,2022,0,0
Wellington,2022,0,0
West Grove,2022,0,0
West Spring,2022,0,0
West View,2022,0,0
Westwood,2022,0,0
White Sands,2022,0,0
Woodgrove,2022,0,0
Woodlands,2022,0,0
Woodlands Ring,2022,0,0
Xinghua,2022,0,0
Xingnan,2022,0,0
Xinmin,2022,0,0
Xishan,2022,0,0
Yangzheng,2022,0,0
Yew Tee,2022,0,0
Yio Chu Kang,2022,0,0
Yishun,2022,0,0
Yu Neng,2022,0,0
Yuhua,2022,0,0
Yumin,2022,0,0
Zhangde,2022,0,0
Zhenghua,2022,0,0
Zhonghua,2022,0,0
Admiralty,2023,0,0
Ahmad Ibrahim,2023,0,0
Ai Tong,2023,0,1
Alexandra,2023,0,0
Anchor Green,2023,0,0
Anderson,2023,0,0
Ang Mo Kio,2023,0,0
Anglo-Chinese,2023,1,0
Anglo-Chinese (Junior),2023,0,0
Angsana,2023,0,0
Beacon,2023,0,0
Bedok Green,2023,0,0
Bendemeer,2023,0,0
Blangah Rise,2023,0,0
Boon Lay Garden,2023,0,0
Bukit Panjang,2023,0,0
Bukit Timah,2023,0,0
Bukit View,2023,0,0
CHIJ (Katong),2023,0,0
CHIJ (Kellock),2023,0,0
CHIJ (Toa Payoh),2023,0,0
CHIJ Our Lady Queen of Peace,2023,0,0
CHIJ Our Lady of Good Counsel,2023,0,0
CHIJ Our Lady of the Nativity,2023,0,0
CHIJ St. Nicholas Girls',2023,0,1
Canberra,2023,0,0
Canossa Catholic,2023,0,0
Cantonment,2023,0,0
Casuarina,2023,0,0
Catholic High,2023,1,1
Cedar,2023,0,0
Changkat,2023,0,0
Chongfu,2023,0,0
Chongzheng,2023,0,0
Chua Chu Kang,2023,0,0
Clementi,2023,0,0
Compassvale,2023,0,0
Concord,2023,0,0
Corporation,2023,0,0
Damai,2023,0,0
Dazhong,2023,0,0
De La Salle,2023,0,0
East Spring,2023,0,0
Edgefield,2023,0,0
Elias Park,2023,0,0
Endeavour,2023,0,0
Evergreen,2023,0,0
Fairfield Methodist,2023,0,0
Farrer Park,2023,0,0
Fengshan,2023,0,0
Fern Green,2023,0,0
Fernvale,2023,0,0
First Toa Payoh,2023,0,0
Frontier,2023,0,0
Fuchun,2023,0,0
Fuhua,2023,0,0
Gan Eng Seng,2023,0,0
Geylang Methodist,2023,0,0
Gongshang,2023,0,0
Greendale,2023,0,0
Greenridge,2023,0,0
Greenwood,2023,0,0
Haig Girls',2023,0,0
Henry Park,2023,1,0
Holy Innocents',2023,0,1
Hong Wen,2023,0,1
Horizon,2023,0,0
Hougang,2023,0,0
Huamin,2023,0,0
Innova,2023,0,0
Jiemin,2023,0,0
Jing Shan,2023,0,0
Junyuan,2023,0,0
Jurong,2023,0,0
Jurong West,2023,0,0
Keming,2023,0,0
Kheng Cheng,2023,0,0
Kong Hwa,2023,0,1
Kranji,2023,0,0
Kuo Chuan Presbyterian,2023,0,0
Lakeside,2023,0,0
Lianhua,2023,0,0
Maha Bodhi,2023,0,1
Maris Stella High,2023,0,1
Marsiling,2023,0,0
Marymount Convent,2023,0,0
Mayflower,2023,0,0
Mee Toh,2023,0,0
Meridian,2023,0,0
Methodist Girls',2023,0,0
Montfort Junior,2023,0,0
Nan Chiau,2023,0,0
Nan Hua,2023,1,1
Nanyang,2023,1,1
Naval Base,2023,0,0
New Town,2023,0,0
Ngee Ann,2023,0,0
North Spring,2023,0,0
North View,2023,0,0
North Vista,2023,0,0
Northland,2023,0,0
Northoaks,2023,0,0
Northshore,2023,0,0
Oasis,2023,0,0
Opera Estate,2023,0,0
Palm View,2023,0,0
Park View,2023,0,0
Pasir Ris,2023,0,0
Paya Lebar Methodist Girls',2023,0,0
Pei Chun Public,2023,0,1
Pei Hwa Presbyterian,2023,0,1
Pei Tong,2023,0,0
Peiying,2023,0,0
Poi Ching,2023,0,1
Princess Elizabeth,2023,0,0
Punggol,2023,0,0
Punggol Cove,2023,0,0
Punggol Green,2023,0,0
Punggol View,2023,0,0
Qifa,2023,0,0
Qihua,2023,0,0
Queenstown,2023,0,0
Radin Mas,2023,0,0
Raffles Girls',2023,1,0
Red Swastika,2023,0,1
River Valley,2023,0,0
Riverside,2023,0,0
Rivervale,2023,0,0
Rosyth,2023,1,0
Rulang,2023,0,0
Sembawang,2023,0,0
Seng Kang,2023,0,0
Sengkang Green,2023,0,0
Shuqun,2023,0,0
Si Ling,2023,0,0
Singapore Chinese Girls',2023,0,0
South View,2023,0,0
Springdale,2023,0,0
St. Andrew's Junior,2023,0,0
St. Anthony's,2023,0,0
St. Anthony's Canossian,2023,0,0
St. Gabriel's,2023,0,0
St. Hilda's,2023,1,0
St. Joseph's Institution Junior,2023,0,0
St. Margaret's,2023,0,0
St. Stephen's,2023,0,0
Tampines,2023,0,0
Tampines North,2023,0,0
Tanjong Katong,2023,0,0
Tao Nan,2023,1,1
Teck Ghee,2023,0,0
Teck Whye,2023,0,0
Telok Kurau,2023,0,0
Temasek,2023,0,0
Townsville,2023,0,0
Unity,2023,0,0
Valour,2023,0,0
Waterway,2023,0,0
Wellington,2023,0,0
West Grove,2023,0,0
West Spring,2023,0,0
West View,2023,0,0
Westwood,2023,0,0
White Sands,2023,0,0
Woodgrove,2023,0,0
Woodlands,2023,0,0
Woodlands Ring,2023,0,0
Xinghua,2023,0,0
Xingnan,2023,0,0
Xinmin,2023,0,0
Xishan,2023,0,0
Yangzheng,2023,0,0
Yew Tee,2023,0,0
Yio Chu Kang,2023,0,0
Yishun,2023,0,0
Yu Neng,2023,0,0
Yuhua,2023,0,0
Yumin,2023,0,0
Zhangde,2023,0,0
Zhenghua,2023,0,0
Zhonghua,2023,0,0
Admiralty,2024,0,0
Ahmad Ibrahim,2024,0,0
Ai Tong,2024,0,1
Alexandra,2024,0,0
Anchor Green,2024,0,0
Anderson,2024,0,0
Ang Mo Kio,2024,0,0
Anglo-Chinese,2024,1,0
Anglo-Chinese (Junior),2024,0,0
Angsana,2024,0,0
Beacon,2024,0,0
Bedok Green,2024,0,0
Bendemeer,2024,0,0
Blangah Rise,2024,0,0
Boon Lay Garden,2024,0,0
Bukit Panjang,2024,0,0
Bukit Timah,2024,0,0
Bukit View,2024,0,0
CHIJ (Katong),2024,0,0
CHIJ (Kellock),2024,0,0
CHIJ (Toa Payoh),2024,0,0
CHIJ Our Lady Queen of Peace,2024,0,0
CHIJ Our Lady of Good Counsel,2024,0,0
CHIJ Our Lady of the Nativity,2024,0,0
CHIJ St. Nicholas Girls',2024,0,1
Canberra,2024,0,0
Canossa Catholic,2024,0,0
Cantonment,2024,0,0
Casuarina,2024,0,0
Catholic High,2024,1,1
Cedar,2024,0,0
Changkat,2024,0,0
Chongfu,2024,0,0
Chongzheng,2024,0,0
Chua Chu Kang,2024,0,0
Clementi,2024,0,0
Compassvale,2024,0,0
Concord,2024,0,0
Corporation,2024,0,0
Damai,2024,0,0
Dazhong,2024,0,0
De La Salle,2024,0,0
East Spring,2024,0,0
Edgefield,2024,0,0
Elias Park,2024,0,0
Endeavour,2024,0,0
Evergreen,2024,0,0
Fairfield Methodist,2024,0,0
Farrer Park,2024,0,0
Fengshan,2024,0,0
Fern Green,2024,0,0
Fernvale,2024,0,0
First Toa Payoh,2024,0,0
Frontier,2024,0,0
Fuchun,2024,0,0
Fuhua,2024,0,0
Gan Eng Seng,2024,0,0
Geylang Methodist,2024,0,0
Gongshang,2024,0,0
Greendale,2024,0,0
Greenridge,2024,0,0
Greenwood,2024,0,0
Haig Girls',2024,0,0
Henry Park,2024,1,0
Holy Innocents',2024,0,1
Hong Wen,2024,0,1
Horizon,2024,0,0
Hougang,2024,0,0
Huamin,2024,0,0
Innova,2024,0,0
Jiemin,2024,0,0
Jing Shan,2024,0,0
Junyuan,2024,0,0
Jurong,2024,0,0
Jurong West,2024,0,0
Keming,2024,0,0
Kheng Cheng,2024,0,0
Kong Hwa,2024,0,1
Kuo Chuan Presbyterian,2024,0,0
Lakeside,2024,0,0
Lianhua,2024,0,0
Maha Bodhi,2024,0,1
Maris Stella High,2024,0,1
Marsiling,2024,0,0
Marymount Convent,2024,0,0
Mayflower,2024,0,0
Mee Toh,2024,0,0
Meridian,2024,0,0
Methodist Girls',2024,0,0
Montfort Junior,2024,0,0
Nan Chiau,2024,0,0
Nan Hua,2024,1,1
Nanyang,2024,1,1
Naval Base,2024,0,0
New Town,2024,0,0
Ngee Ann,2024,0,0
North Spring,2024,0,0
North View,2024,0,0
North Vista,2024,0,0
Northland,2024,0,0
Northoaks,2024,0,0
Northshore,2024,0,0
Oasis,2024,0,0
Opera Estate,2024,0,0
Palm View,2024,0,0
Park View,2024,0,0
Pasir Ris,2024,0,0
Paya Lebar Methodist Girls',2024,0,0
Pei Chun Public,2024,0,1
Pei Hwa Presbyterian,2024,0,1
Pei Tong,2024,0,0
Peiying,2024,0,0
Poi Ching,2024,0,1
Princess Elizabeth,2024,0,0
Punggol,2024,0,0
Punggol Cove,2024,0,0
Punggol Green,2024,0,0
Punggol View,2024,0,0
Qifa,2024,0,0
Qihua,2024,0,0
Queenstown,2024,0,0
Radin Mas,2024,0,0
Raffles Girls',2024,1,0
Red Swastika,2024,0,1
River Valley,2024,0,0
Riverside,2024,0,0
Rivervale,2024,0,0
Rosyth,2024,1,0
Rulang,2024,0,0
Sembawang,2024,0,0
Seng Kang,2024,0,0
Sengkang Green,2024,0,0
Shuqun,2024,0,0
Si Ling,2024,0,0
Singapore Chinese Girls',2024,0,0
South View,2024,0,0
Springdale,2024,0,0
St. Andrew's Junior,2024,0,0
St. Anthony's,2024,0,0
St. Anthony's Canossian,2024,0,0
St. Gabriel's,2024,0,0
St. Hilda's,2024,1,0
St. Joseph's Institution Junior,2024,0,0
St. Margaret's,2024,0,0
St. Stephen's,2024,0,0
Tampines,2024,0,0
Tampines North,2024,0,0
Tanjong Katong,2024,0,0
Tao Nan,2024,1,1
Teck Ghee,2024,0,0
Teck Whye,2024,0,0
Telok Kurau,2024,0,0
Temasek,2024,0,0
Townsville,2024,0,0
Unity,2024,0,0
Valour,2024,0,0
Waterway,2024,0,0
Wellington,2024,0,0
West Grove,2024,0,0
West Spring,2024,0,0
West View,2024,0,0
Westwood,2024,0,0
White Sands,2024,0,0
Woodgrove,2024,0,0
Woodlands,2024,0,0
Woodlands Ring,2024,0,0
Xinghua,2024,0,0
Xingnan,2024,0,0
Xinmin,2024,0,0
Xishan,2024,0,0
Yangzheng,2024,0,0
Yew Tee,2024,0,0
Yio Chu Kang,2024,0,0
Yishun,2024,0,0
Yu Neng,2024,0,0
Yuhua,2024,0,0
Yumin,2024,0,0
Zhangde,2024,0,0
Zhenghua,2024,0,0
Zhonghua,2024,0,0
Admiralty,2025,0,0
Ahmad Ibrahim,2025,0,0
Ai Tong,2025,0,1
Alexandra,2025,0,0
Anchor Green,2025,0,0
Anderson,2025,0,0
Ang Mo Kio,2025,0,0
Anglo-Chinese,2025,1,0
Anglo-Chinese (Junior),2025,0,0
Angsana,2025,0,0
Beacon,2025,0,0
Bedok Green,2025,0,0
Bendemeer,2025,0,0
Blangah Rise,2025,0,0
Boon Lay Garden,2025,0,0
Bukit Panjang,2025,0,0
Bukit Timah,2025,0,0
Bukit View,2025,0,0
CHIJ (Katong),2025,0,0
CHIJ (Kellock),2025,0,0
CHIJ (Toa Payoh),2025,0,0
CHIJ Our Lady Queen of Peace,2025,0,0
CHIJ Our Lady of Good Counsel,2025,0,0
CHIJ Our Lady of the Nativity,2025,0,0
CHIJ St. Nicholas Girls',2025,0,1
Canberra,2025,0,0
Canossa Catholic,2025,0,0
Cantonment,2025,0,0
Casuarina,2025,0,0
Catholic High,2025,1,1
Cedar,2025,0,0
Changkat,2025,0,0
Chongfu,2025,0,0
Chongzheng,2025,0,0
Chua Chu Kang,2025,0,0
Clementi,2025,0,0
Compassvale,2025,0,0
Concord,2025,0,0
Corporation,2025,0,0
Dazhong,2025,0,0
De La Salle,2025,0,0
East Spring,2025,0,0
Edgefield,2025,0,0
Elias Park,2025,0,0
Endeavour,2025,0,0
Evergreen,2025,0,0
Fairfield Methodist,2025,0,0
Farrer Park,2025,0,0
Fengshan,2025,0,0
Fern Green,2025,0,0
Fernvale,2025,0,0
First Toa Payoh,2025,0,0
Frontier,2025,0,0
Fuchun,2025,0,0
Fuhua,2025,0,0
Gan Eng Seng,2025,0,0
Geylang Methodist,2025,0,0
Gongshang,2025,0,0
Greendale,2025,0,0
Greenridge,2025,0,0
Greenwood,2025,0,0
Haig Girls',2025,0,0
Henry Park,2025,1,0
Holy Innocents',2025,0,1
Hong Wen,2025,0,1
Horizon,2025,0,0
Hougang,2025,0,0
Huamin,2025,0,0
Innova,2025,0,0
Jiemin,2025,0,0
Jing Shan,2025,0,0
Junyuan,2025,0,0
Jurong,2025,0,0
Jurong West,2025,0,0
Keming,2025,0,0
Kheng Cheng,2025,0,0
Kong Hwa,2025,0,1
Kuo Chuan Presbyterian,2025,0,0
Lakeside,2025,0,0
Lianhua,2025,0,0
Maha Bodhi,2025,0,1
Maris Stella High,2025,0,1
Marsiling,2025,0,0
Marymount Convent,2025,0,0
Mayflower,2025,0,0
Mee Toh,2025,0,0
Meridian,2025,0,0
Methodist Girls',2025,0,0
Montfort Junior,2025,0,0
Nan Chiau,2025,0,0
Nan Hua,2025,1,1
Nanyang,2025,1,1
Naval Base,2025,0,0
New Town,2025,0,0
Ngee Ann,2025,0,0
North Spring,2025,0,0
North View,2025,0,0
North Vista,2025,0,0
Northland,2025,0,0
Northoaks,2025,0,0
Northshore,2025,0,0
Oasis,2025,0,0
Opera Estate,2025,0,0
Palm View,2025,0,0
Park View,2025,0,0
Pasir Ris,2025,0,0
Paya Lebar Methodist Girls',2025,0,0
Pei Chun Public,2025,0,1
Pei Hwa Presbyterian,2025,0,1
Pei Tong,2025,0,0
Peiying,2025,0,0
Pioneer,2025,0,0
Poi Ching,2025,0,1
Princess Elizabeth,2025,0,0
Punggol,2025,0,0
Punggol Cove,2025,0,0
Punggol Green,2025,0,0
Punggol View,2025,0,0
Qifa,2025,0,0
Qihua,2025,0,0
Queenstown,2025,0,0
Radin Mas,2025,0,0
Raffles Girls',2025,1,0
Red Swastika,2025,0,1
River Valley,2025,0,0
Riverside,2025,0,0
Rivervale,2025,0,0
Rosyth,2025,1,0
Rulang,2025,0,0
Sembawang,2025,0,0
Seng Kang,2025,0,0
Sengkang Green,2025,0,0
Shuqun,2025,0,0
Si Ling,2025,0,0
Singapore Chinese Girls',2025,0,0
South View,2025,0,0
Springdale,2025,0,0
St. Andrew's Junior,2025,0,0
St. Anthony's,2025,0,0
St. Anthony's Canossian,2025,0,0
St. Gabriel's,2025,0,0
St. Hilda's,2025,1,0
St. Joseph's Institution Junior,2025,0,0
St. Margaret's,2025,0,0
St. Stephen's,2025,0,0
Tampines,2025,0,0
Tampines North,2025,0,0
Tanjong Katong,2025,0,0
Tao Nan,2025,1,1
Teck Ghee,2025,0,0
Teck Whye,2025,0,0
Telok Kurau,2025,0,0
Temasek,2025,0,0
Unity,2025,0,0
Valour,2025,0,0
Waterway,2025,0,0
Wellington,2025,0,0
West Grove,2025,0,0
West Spring,2025,0,0
West View,2025,0,0
Westwood,2025,0,0
White Sands,2025,0,0
Woodgrove,2025,0,0
Woodlands,2025,0,0
Woodlands Ring,2025,0,0
Xinghua,2025,0,0
Xingnan,2025,0,0
Xinmin,2025,0,0
Xishan,2025,0,0
Yangzheng,2025,0,0
Yew Tee,2025,0,0
Yio Chu Kang,2025,0,0
Yishun,2025,0,0
Yu Neng,2025,0,0
Yuhua,2025,0,0
Yumin,2025,0,0
Zhangde,2025,0,0
Zhenghua,2025,0,0
Zhonghua,2025,0,0
